<?xml version="1.0" encoding="UTF-8"?>
<project-private xmlns="http://www.netbeans.org/ns/project-private/1">
    <editor-bookmarks xmlns="http://www.netbeans.org/ns/editor-bookmarks/2" lastBookmarkId="0"/>
    <open-files xmlns="http://www.netbeans.org/ns/projectui-open-files/2">
        <group>
            <file>file:/C:/Users/carlos/Documents/cadpaz/src/CadpazBundle/Controller/RelatoriosController.php</file>
            <file>file:/C:/Users/carlos/Documents/cadpaz/src/CadpazBundle/Resources/views/Questionario/view.html.twig</file>
            <file>file:/C:/Users/carlos/Documents/cadpaz/src/CadpazBundle/Resources/views/Relatorios/encaminhamentos.html.twig</file>
            <file>file:/C:/Users/carlos/Documents/cadpaz/src/CadpazBundle/Resources/views/Relatorios/casos.html.twig</file>
            <file>file:/C:/Users/carlos/Documents/cadpaz/src/CadpazBundle/Entity/Questionario.php</file>
            <file>file:/C:/Users/carlos/Documents/cadpaz/src/CadpazBundle/Resources/views/Relatorios/padrao.html.twig</file>
            <file>file:/C:/Users/carlos/Documents/cadpaz/src/CadpazBundle/Resources/public/js/util.js</file>
            <file>file:/C:/Users/carlos/Documents/cadpaz/src/CadpazBundle/Resources/views/Relatorios/custom.html.twig</file>
            <file>file:/C:/Users/carlos/Documents/cadpaz/src/CadpazBundle/Resources/public/js/vcpf.js</file>
            <file>file:/C:/Users/carlos/Documents/cadpaz/src/Dedraks/UserManagerBundle/Resources/views/Default/index.html.twig</file>
            <file>file:/C:/Users/carlos/Documents/cadpaz/src/CadpazBundle/Resources/views/User/index.html.twig</file>
        </group>
    </open-files>
</project-private>
